Название люстры,Цена,Ссылка
Люстра Гейза Black,10 070руб.,https://www.divan.ru/perm/product/lyustra-gejza-black
Люстра Малинг Multi,17 840руб.,https://www.divan.ru/perm/product/lyustra-maling-multi
Люстра Боллар White,24 140руб.,https://www.divan.ru/perm/product/lyustra-bollar-white
Люстра Синдри Black,14 170руб.,https://www.divan.ru/perm/product/lyustra-sindri-black
Люстра Ливсден Brown,18 890руб.,https://www.divan.ru/perm/product/lyustra-livsden-brown
Люстра Флиммер Black,7340руб.,https://www.divan.ru/perm/product/lyustra-flimmer-black
Люстра Альби-5 Black,6190руб.,https://www.divan.ru/perm/product/lyustra-albi-5-black
Люстра Фаро-5 Black,13 750руб.,https://www.divan.ru/perm/product/lyustra-faro-5-black
Люстра Монти-5 White,18 050руб.,https://www.divan.ru/perm/product/lyustra-monti-5-white
Люстра Леон-5 Black,12 590руб.,https://www.divan.ru/perm/product/lyustra-leon-5-black
Люстра Нейва-4 Black,7550руб.,https://www.divan.ru/perm/product/lyustra-nejva-4-black
Люстра Лима-5 White,10 280руб.,https://www.divan.ru/perm/product/lyustra-lima-5-white
Люстра Фолс-6 Brown,14 170руб.,https://www.divan.ru/perm/product/lyustra-fols-6-brown
Люстра Альби-3 Black,4720руб.,https://www.divan.ru/perm/product/lyustra-albi-3-black
Люстра Джеоми White,14 590руб.,https://www.divan.ru/perm/product/lyustra-djeomi-white
Люстра Пиллар-6 Black,14 060руб.,https://www.divan.ru/perm/product/lyustra-pillar-6-black
Люстра Белиз-12 Bronz,14 170руб.,https://www.divan.ru/perm/product/lyustra-beliz-12-bronz
Люстра Леон-3 Black,8500руб.,https://www.divan.ru/perm/product/lyustra-leon-3-black
